fold,dropout_rate,learning_rate,l2_regularization,Precision,Recall,FPR,F1 Score,ROC AUC,PRC AUC,MCC,Optimal Threshold
2,0.2,1e-05,0.0001,0.625,0.6666666666666666,0.3157894736842105,0.6451612903225806,0.6771929824561403,0.6819470435560209,0.3490449235764129,0.5617807
