fold,dropout_rate,learning_rate,l2_regularization,Precision,Recall,FPR,F1 Score,ROC AUC,PRC AUC,MCC,Optimal Threshold
5,0.2,1e-05,0.0001,0.6842105263157895,0.9285714285714286,0.2857142857142857,0.7878787878787878,0.8673469387755102,0.7540423861852434,0.6321954228176434,0.32318413
