fold,dropout_rate,learning_rate,l2_regularization,Precision,Recall,FPR,F1 Score,ROC AUC,PRC AUC,MCC,Optimal Threshold
3,0.2,1e-05,0.0001,1.0,0.8666666666666667,0.0,0.9285714285714286,0.9791666666666667,0.9833333333333332,0.8777074514725111,0.4213488
