fold,dropout_rate,learning_rate,l2_regularization,Precision,Recall,FPR,F1 Score,ROC AUC,PRC AUC,MCC,Optimal Threshold
1,0.2,1e-05,0.0001,1.0,0.7272727272727273,0.0,0.8421052631578947,0.9138755980861244,0.9231168831168832,0.7925270806437588,0.5172186
