fold,dropout_rate,learning_rate,l2_regularization,Precision,Recall,FPR,F1 Score,ROC AUC,PRC AUC,MCC,Optimal Threshold
5,0.2,1e-05,0.0001,0.6619718309859155,0.8545454545454545,0.2222222222222222,0.746031746031746,0.8569023569023568,0.7446068076121359,0.6029888381871344,0.3528648
