fold,dropout_rate,learning_rate,l2_regularization,Precision,Recall,FPR,F1 Score,ROC AUC,PRC AUC,MCC,Optimal Threshold
2,0.2,1e-05,0.0001,0.6825396825396826,0.5733333333333334,0.19230769230769232,0.6231884057971014,0.6888461538461539,0.562528531296069,0.3936427293916074,0.41830683
