fold,dropout_rate,learning_rate,l2_regularization,Precision,Recall,FPR,F1 Score,ROC AUC,PRC AUC,MCC,Optimal Threshold
5,0.2,1e-05,0.0001,0.8571428571428571,0.46153846153846156,0.06666666666666667,0.6,0.7230769230769232,0.7755941701916933,0.4547940268270977,0.50120395
