fold,dropout_rate,learning_rate,l2_regularization,Precision,Recall,FPR,F1 Score,ROC AUC,PRC AUC,MCC,Optimal Threshold
2,0.2,1e-05,0.0001,0.5909090909090909,0.8666666666666667,0.5625,0.7027027027027027,0.625,0.6219633407980681,0.334876478559268,0.4345949
