fold,dropout_rate,learning_rate,l2_regularization,Precision,Recall,FPR,F1 Score,ROC AUC,PRC AUC,MCC,Optimal Threshold
3,0.2,1e-05,0.0001,0.9473684210526315,0.9,0.04,0.9230769230769231,0.986,0.9837573099415207,0.8652069093294488,0.4164995
