fold,dropout_rate,learning_rate,l2_regularization,Precision,Recall,FPR,F1 Score,ROC AUC,PRC AUC,MCC,Optimal Threshold
1,0.2,1e-05,0.0001,0.9285714285714286,0.8666666666666667,0.047619047619047616,0.896551724137931,0.9650793650793651,0.9657936507936508,0.828302688169126,0.54274
