fold,dropout_rate,learning_rate,l2_regularization,Precision,Recall,FPR,F1 Score,ROC AUC,PRC AUC,MCC,Optimal Threshold
1,0.2,1e-05,0.0001,0.75,0.5,0.1111111111111111,0.6,0.7777777777777778,0.7999999999999999,0.43082021842766455,0.44269803
