fold,dropout_rate,learning_rate,l2_regularization,Precision,Recall,FPR,F1 Score,ROC AUC,PRC AUC,MCC,Optimal Threshold
1,0.2,1e-05,0.0001,0.5789473684210527,0.7857142857142857,0.4444444444444444,0.6666666666666666,0.738095238095238,0.7391554610349887,0.34470668367478197,0.44941732
