fold,dropout_rate,learning_rate,l2_regularization,Precision,Recall,FPR,F1 Score,ROC AUC,PRC AUC,MCC,Optimal Threshold
4,0.2,1e-05,0.0001,0.88,0.8918918918918919,0.08571428571428572,0.8859060402684564,0.9495495495495495,0.9449931167881438,0.8046257710405698,0.6083393
