fold,dropout_rate,learning_rate,l2_regularization,Precision,Recall,FPR,F1 Score,ROC AUC,PRC AUC,MCC,Optimal Threshold
3,0.2,1e-05,0.0001,0.9444444444444444,0.8947368421052632,0.058823529411764705,0.918918918918919,0.9814241486068112,0.9840329315642986,0.8346223261119858,0.397853
