fold,dropout_rate,learning_rate,l2_regularization,Precision,Recall,FPR,F1 Score,ROC AUC,PRC AUC,MCC,Optimal Threshold
3,0.2,1e-05,0.0001,0.5531914893617021,0.7027027027027027,0.4,0.6190476190476191,0.6885456885456885,0.6212413644219832,0.2985062429262192,0.42490187
