fold,dropout_rate,learning_rate,l2_regularization,Precision,Recall,FPR,F1 Score,ROC AUC,PRC AUC,MCC,Optimal Threshold
5,0.2,1e-05,0.0001,0.75,0.9512195121951219,0.3058823529411765,0.8387096774193549,0.8582496413199426,0.8335247138688656,0.6656042980264775,0.32766667
