fold,dropout_rate,learning_rate,l2_regularization,Precision,Recall,FPR,F1 Score,ROC AUC,PRC AUC,MCC,Optimal Threshold
2,0.2,1e-05,0.0001,0.5925925925925926,0.8,0.5789473684210527,0.6808510638297872,0.5578947368421052,0.6001547344977652,0.23939494881986928,0.5095619
