fold,dropout_rate,learning_rate,l2_regularization,Precision,Recall,FPR,F1 Score,ROC AUC,PRC AUC,MCC,Optimal Threshold
5,0.2,1e-05,0.0001,0.5181818181818182,0.7702702702702703,0.5047619047619047,0.6195652173913043,0.6495495495495496,0.521891824535195,0.268638238223951,0.44355378
