fold,dropout_rate,learning_rate,l2_regularization,Precision,Recall,FPR,F1 Score,ROC AUC,PRC AUC,MCC,Optimal Threshold
2,0.2,1e-05,0.0001,0.75,0.6666666666666666,0.2222222222222222,0.7058823529411765,0.8209876543209876,0.8390652557319225,0.4472135954999579,0.5364586
