fold,dropout_rate,learning_rate,l2_regularization,Precision,Recall,FPR,F1 Score,ROC AUC,PRC AUC,MCC,Optimal Threshold
4,0.2,1e-05,0.0001,0.3333333333333333,0.8,0.8888888888888888,0.47058823529411764,0.4,0.37573260073260073,-0.12171612389003691,0.49539354
