fold,dropout_rate,learning_rate,l2_regularization,Precision,Recall,FPR,F1 Score,ROC AUC,PRC AUC,MCC,Optimal Threshold
4,0.2,1e-05,0.0001,1.0,0.2631578947368421,0.0,0.4166666666666667,0.569078947368421,0.7115570278328585,0.3746343246326776,0.5218435
