fold,dropout_rate,learning_rate,l2_regularization,Precision,Recall,FPR,F1 Score,ROC AUC,PRC AUC,MCC,Optimal Threshold
1,0.2,1e-05,0.0001,1.0,0.7142857142857143,0.0,0.8333333333333334,0.943877551020408,0.9558672321830215,0.7453559924999299,0.6178252
