fold,dropout_rate,learning_rate,l2_regularization,Precision,Recall,FPR,F1 Score,ROC AUC,PRC AUC,MCC,Optimal Threshold
4,0.2,1e-05,0.0001,0.9090909090909091,0.6666666666666666,0.0625,0.7692307692307693,0.8875,0.8742325883037957,0.6310315028394047,0.5398067
