fold,dropout_rate,learning_rate,l2_regularization,Precision,Recall,FPR,F1 Score,ROC AUC,PRC AUC,MCC,Optimal Threshold
2,0.2,1e-05,0.0001,0.8333333333333334,0.8333333333333334,0.1111111111111111,0.8333333333333334,0.9259259259259258,0.8734126984126983,0.7222222222222222,0.3765601
