fold,dropout_rate,learning_rate,l2_regularization,Precision,Recall,FPR,F1 Score,ROC AUC,PRC AUC,MCC,Optimal Threshold
4,0.2,1e-05,0.0001,0.7142857142857143,0.5,0.10526315789473684,0.5882352941176471,0.7947368421052632,0.7335431959345002,0.4384540666452508,0.49579912
