fold,dropout_rate,learning_rate,l2_regularization,Precision,Recall,FPR,F1 Score,ROC AUC,PRC AUC,MCC,Optimal Threshold
1,0.2,1e-05,0.0001,1.0,0.9,0.0,0.9473684210526315,0.9973684210526317,0.9976190476190478,0.9023778112773576,0.4706215
