fold,dropout_rate,learning_rate,l2_regularization,Precision,Recall,FPR,F1 Score,ROC AUC,PRC AUC,MCC,Optimal Threshold
4,0.2,1e-05,0.0001,0.5578947368421052,0.9464285714285714,0.3925233644859813,0.7019867549668874,0.8337783711615487,0.6805795715939277,0.5334639680791669,0.19878623
