fold,dropout_rate,learning_rate,l2_regularization,Precision,Recall,FPR,F1 Score,ROC AUC,PRC AUC,MCC,Optimal Threshold
2,0.2,1e-05,0.0001,0.6724137931034483,0.6964285714285714,0.17757009345794392,0.6842105263157895,0.8518024032042724,0.757523415306823,0.5146668232147958,0.374638
