fold,dropout_rate,learning_rate,l2_regularization,Precision,Recall,FPR,F1 Score,ROC AUC,PRC AUC,MCC,Optimal Threshold
5,0.2,1e-05,0.0001,1.0,0.26666666666666666,0.0,0.42105263157894735,0.5964912280701754,0.6636598275040989,0.4109609335312651,0.48791412
