fold,dropout_rate,learning_rate,l2_regularization,Precision,Recall,FPR,F1 Score,ROC AUC,PRC AUC,MCC,Optimal Threshold
2,0.2,1e-05,0.0001,0.8333333333333334,0.7692307692307693,0.13333333333333333,0.8,0.8205128205128207,0.7594666017742941,0.6408461287109104,0.49070385
