fold,dropout_rate,learning_rate,l2_regularization,Precision,Recall,FPR,F1 Score,ROC AUC,PRC AUC,MCC,Optimal Threshold
2,0.2,1e-05,0.0001,0.925,0.891566265060241,0.07058823529411765,0.9079754601226994,0.9668320340184268,0.9599845041543393,0.8218521858573428,0.23759682
