fold,dropout_rate,learning_rate,l2_regularization,Precision,Recall,FPR,F1 Score,ROC AUC,PRC AUC,MCC,Optimal Threshold
1,0.2,1e-05,0.0001,0.5462962962962963,0.7866666666666666,0.47115384615384615,0.644808743169399,0.6573076923076923,0.5365836737303499,0.3182169143857794,0.3439574
