fold,dropout_rate,learning_rate,l2_regularization,Precision,Recall,FPR,F1 Score,ROC AUC,PRC AUC,MCC,Optimal Threshold
1,0.2,1e-05,0.0001,0.75,0.6428571428571429,0.21428571428571427,0.6923076923076923,0.7551020408163265,0.7792763025956302,0.43301270189221935,0.48197293
