fold,dropout_rate,learning_rate,l2_regularization,Precision,Recall,FPR,F1 Score,ROC AUC,PRC AUC,MCC,Optimal Threshold
3,0.2,1e-05,0.0001,0.75,0.8571428571428571,0.2222222222222222,0.8,0.8968253968253967,0.8916173135921035,0.629940788348712,0.51741004
