fold,dropout_rate,learning_rate,l2_regularization,Precision,Recall,FPR,F1 Score,ROC AUC,PRC AUC,MCC,Optimal Threshold
3,0.2,1e-05,0.0001,0.8279569892473119,0.927710843373494,0.18823529411764706,0.875,0.9588944011339476,0.9593620773656323,0.7437041787185316,0.31561062
