fold,dropout_rate,learning_rate,l2_regularization,Precision,Recall,FPR,F1 Score,ROC AUC,PRC AUC,MCC,Optimal Threshold
4,0.2,1e-05,0.0001,0.9230769230769231,0.9230769230769231,0.06666666666666667,0.9230769230769231,0.9538461538461539,0.9255208466746927,0.8564102564102564,0.4385798
