fold,dropout_rate,learning_rate,l2_regularization,Precision,Recall,FPR,F1 Score,ROC AUC,PRC AUC,MCC,Optimal Threshold
4,0.2,1e-05,0.0001,0.9444444444444444,0.85,0.05263157894736842,0.8947368421052632,0.9710526315789473,0.9703360610071643,0.7994750784123957,0.29760668
