fold,dropout_rate,learning_rate,l2_regularization,Precision,Recall,FPR,F1 Score,ROC AUC,PRC AUC,MCC,Optimal Threshold
4,0.2,1e-05,0.0001,1.0,0.9782608695652174,0.0,0.989010989010989,0.9995407225964482,0.9996567505720827,0.9754277020394164,0.98656946
