fold,dropout_rate,learning_rate,l2_regularization,Precision,Recall,FPR,F1 Score,ROC AUC,PRC AUC,MCC,Optimal Threshold
2,0.2,1e-05,0.0001,1.0,0.8947368421052632,0.0,0.9444444444444444,0.9969040247678018,0.9973684210526315,0.8947368421052632,0.58503234
