fold,dropout_rate,learning_rate,l2_regularization,Precision,Recall,FPR,F1 Score,ROC AUC,PRC AUC,MCC,Optimal Threshold
3,0.2,1e-05,0.0001,0.5,0.42857142857142855,0.2857142857142857,0.46153846153846156,0.45238095238095244,0.4687817687962573,0.14744195615489714,0.5042189
