fold,dropout_rate,learning_rate,l2_regularization,Precision,Recall,FPR,F1 Score,ROC AUC,PRC AUC,MCC,Optimal Threshold
1,0.2,1e-05,0.0001,1.0,0.9795918367346939,0.0,1.0,1.0,1.0,0.9797958971132713,0.7906814217567444
2,0.2,1e-05,0.0001,1.0,0.9795918367346939,0.0,1.0,1.0,1.0,0.9797958971132713,0.8473310470581055
3,0.2,1e-05,0.0001,0.6949152542372882,0.8367346938775511,0.3673469387755102,0.6949152542372882,0.7188671386922115,0.6609601573925536,0.4794789291088457,0.37139570713043213
4,0.2,1e-05,0.0001,1.0,0.9791666666666666,0.0,1.0,1.0,1.0000000000000002,0.9795832447185555,0.9119150638580322
5,0.2,1e-05,0.0001,1.0,0.9791666666666666,0.0,1.0,1.0,0.9999999999999999,0.9795832447185555,0.9821832180023193
Average,0.2,1e-05,0.0001,0.9389830508474576,0.9508503401360544,0.07346938775510205,0.9389830508474576,0.9437734277384422,0.9321920314785107,0.8796474425544998,0.7807012796401978
