fold,dropout_rate,learning_rate,l2_regularization,Precision,Recall,FPR,F1 Score,ROC AUC,PRC AUC,MCC,Optimal Threshold
4,0.2,1e-05,0.0001,1.0,0.9791666666666666,0.0,0.9894736842105263,1.0,1.0000000000000002,0.9795832447185555,0.91191506
