fold,dropout_rate,learning_rate,l2_regularization,Precision,Recall,FPR,F1 Score,ROC AUC,PRC AUC,MCC,Optimal Threshold
3,0.2,1e-05,0.0001,0.7857142857142857,0.7857142857142857,0.14285714285714285,0.7857142857142857,0.891156462585034,0.8813497217068645,0.6428571428571429,0.4516303
