fold,dropout_rate,learning_rate,l2_regularization,Precision,Recall,FPR,F1 Score,ROC AUC,PRC AUC,MCC,Optimal Threshold
1,0.2,1e-05,0.0001,0.9,0.5625,0.06666666666666667,0.6923076923076923,0.8125,0.8526019119769119,0.530068129792975,0.48126605
