fold,dropout_rate,learning_rate,l2_regularization,Precision,Recall,FPR,F1 Score,ROC AUC,PRC AUC,MCC,Optimal Threshold
4,0.2,1e-05,0.0001,0.9285714285714286,0.9285714285714286,0.058823529411764705,0.9285714285714286,0.9915966386554622,0.9901360544217686,0.8697478991596639,0.52854687
