fold,dropout_rate,learning_rate,l2_regularization,Precision,Recall,FPR,F1 Score,ROC AUC,PRC AUC,MCC,Optimal Threshold
3,0.2,1e-05,0.0001,0.6949152542372882,0.8367346938775511,0.3673469387755102,0.7592592592592593,0.7188671386922115,0.6609601573925536,0.4794789291088457,0.3713957
