fold,dropout_rate,learning_rate,l2_regularization,Precision,Recall,FPR,F1 Score,ROC AUC,PRC AUC,MCC,Optimal Threshold
3,0.2,1e-05,0.0001,0.7777777777777778,0.5384615384615384,0.13333333333333333,0.6363636363636364,0.7230769230769232,0.7204822954822956,0.43262511765690437,0.45571855
