fold,dropout_rate,learning_rate,l2_regularization,Precision,Recall,FPR,F1 Score,ROC AUC,PRC AUC,MCC,Optimal Threshold
3,0.2,1e-05,0.0001,0.5652173913043478,0.8666666666666667,0.5263157894736842,0.6842105263157895,0.6842105263157896,0.6137277896681921,0.3612343522752406,0.406231
