fold,dropout_rate,learning_rate,l2_regularization,Precision,Recall,FPR,F1 Score,ROC AUC,PRC AUC,MCC,Optimal Threshold
5,0.2,1e-05,0.0001,1.0,0.875,0.0,0.9333333333333333,0.9926470588235294,0.9930555555555556,0.8848133909712856,0.60959285
