fold,dropout_rate,learning_rate,l2_regularization,Precision,Recall,FPR,F1 Score,ROC AUC,PRC AUC,MCC,Optimal Threshold
5,0.2,1e-05,0.0001,0.5,0.8,0.4444444444444444,0.6153846153846154,0.7555555555555555,0.6453968253968254,0.34426518632954817,0.48430678
