fold,dropout_rate,learning_rate,l2_regularization,Precision,Recall,FPR,F1 Score,ROC AUC,PRC AUC,MCC,Optimal Threshold
1,0.2,1e-05,0.0001,1.0,0.7777777777777778,0.0,0.875,0.9876543209876543,0.9888888888888889,0.7977240352174656,0.46023512
