fold,dropout_rate,learning_rate,l2_regularization,Precision,Recall,FPR,F1 Score,ROC AUC,PRC AUC,MCC,Optimal Threshold
2,0.2,1e-05,0.0001,0.6666666666666666,0.75,0.3333333333333333,0.7058823529411765,0.6666666666666667,0.5793154761904762,0.4166666666666667,0.50363123
