fold,dropout_rate,learning_rate,l2_regularization,Precision,Recall,FPR,F1 Score,ROC AUC,PRC AUC,MCC,Optimal Threshold
3,0.2,1e-05,0.0001,0.5384615384615384,0.7,0.3157894736842105,0.6086956521739131,0.7263157894736842,0.6384890109890109,0.36720990919214974,0.53204286
