fold,dropout_rate,learning_rate,l2_regularization,Precision,Recall,FPR,F1 Score,ROC AUC,PRC AUC,MCC,Optimal Threshold
1,0.2,1e-05,0.0001,0.9,0.6,0.047619047619047616,0.72,0.8222222222222223,0.8497047878162429,0.6080052052987127,0.53128403
