fold,dropout_rate,learning_rate,l2_regularization,Precision,Recall,FPR,F1 Score,ROC AUC,PRC AUC,MCC,Optimal Threshold
5,0.2,1e-05,0.0001,0.5454545454545454,0.8571428571428571,0.5882352941176471,0.6666666666666666,0.6764705882352942,0.6990895249802394,0.29482132950548373,0.5100627
