fold,dropout_rate,learning_rate,l2_regularization,Precision,Recall,FPR,F1 Score,ROC AUC,PRC AUC,MCC,Optimal Threshold
1,0.2,1e-05,0.0001,1.0,0.9090909090909091,0.0,1.0,1.0,1.0,0.9187795405622854,0.9022449254989624
2,0.2,1e-05,0.0001,1.0,0.9090909090909091,0.0,1.0,1.0,1.0,0.9187795405622854,0.9546787142753601
3,0.2,1e-05,0.0001,1.0,0.9,0.0,1.0,1.0,0.9999999999999999,0.9141741003300661,0.9428616166114807
4,0.2,1e-05,0.0001,1.0,0.9,0.0,1.0,1.0,0.9999999999999999,0.9141741003300661,0.9502101540565491
5,0.2,1e-05,0.0001,1.0,0.9,0.0,1.0,1.0,0.9999999999999999,0.9141741003300661,0.9084113836288452
Average,0.2,1e-05,0.0001,1.0,0.9036363636363637,0.0,1.0,1.0,1.0,0.9160162764229538,0.9316813349723816
