fold,dropout_rate,learning_rate,l2_regularization,Precision,Recall,FPR,F1 Score,ROC AUC,PRC AUC,MCC,Optimal Threshold
3,0.2,1e-05,0.0001,0.8461538461538461,0.8461538461538461,0.13333333333333333,0.8461538461538461,0.8923076923076924,0.788312755620448,0.7128205128205128,0.52485776
