fold,dropout_rate,learning_rate,l2_regularization,Precision,Recall,FPR,F1 Score,ROC AUC,PRC AUC,MCC,Optimal Threshold
1,0.2,1e-05,0.0001,0.9,0.6,0.047619047619047616,0.9,0.8222222222222223,0.8497047878162429,0.6080052052987127,0.5312840342521667
2,0.2,1e-05,0.0001,0.0,0.0,0.0,0.0,0.25396825396825395,0.326689952373382,0.0,inf
3,0.2,1e-05,0.0001,0.75,0.8,0.19047619047619047,0.75,0.8222222222222222,0.8012871179877821,0.6047431568147635,0.45103225111961365
4,0.2,1e-05,0.0001,0.8571428571428571,0.8,0.09523809523809523,0.8571428571428571,0.8634920634920635,0.905108225108225,0.7127255688897131,0.5339088439941406
5,0.2,1e-05,0.0001,0.8333333333333334,0.3333333333333333,0.05,0.8333333333333334,0.6333333333333334,0.6439400522190459,0.3720348931025472,0.4864669442176819
Average,0.2,1e-05,0.0001,0.6680952380952381,0.5066666666666667,0.07666666666666666,0.6680952380952381,0.679047619047619,0.7053460271009355,0.45950176482114735,inf
