fold,dropout_rate,learning_rate,l2_regularization,Precision,Recall,FPR,F1 Score,ROC AUC,PRC AUC,MCC,Optimal Threshold
3,0.2,1e-05,0.0001,0.8,0.6666666666666666,0.1111111111111111,0.7272727272727273,0.8888888888888888,0.8964646464646464,0.5773502691896257,0.55701625
