fold,dropout_rate,learning_rate,l2_regularization,Precision,Recall,FPR,F1 Score,ROC AUC,PRC AUC,MCC,Optimal Threshold
5,0.2,1e-05,0.0001,0.8095238095238095,0.8947368421052632,0.2,0.85,0.9052631578947369,0.8702799187775956,0.696572345547434,0.42597818
