fold,dropout_rate,learning_rate,l2_regularization,Precision,Recall,FPR,F1 Score,ROC AUC,PRC AUC,MCC,Optimal Threshold
3,0.2,1e-05,0.0001,0.42857142857142855,0.75,0.8,0.5454545454545454,0.35,0.44047619047619047,-0.05976143046671968,0.5138806
