fold,dropout_rate,learning_rate,l2_regularization,Precision,Recall,FPR,F1 Score,ROC AUC,PRC AUC,MCC,Optimal Threshold
4,0.2,1e-05,0.0001,0.9375,0.7894736842105263,0.04,0.8571428571428571,0.9515789473684211,0.945288468318149,0.7717278728764668,0.33338204
