fold,dropout_rate,learning_rate,l2_regularization,Precision,Recall,FPR,F1 Score,ROC AUC,PRC AUC,MCC,Optimal Threshold
4,0.2,1e-05,0.0001,0.6666666666666666,0.5,0.2,0.5714285714285714,0.8,0.8303571428571428,0.31622776601683794,0.49465823
