fold,dropout_rate,learning_rate,l2_regularization,Precision,Recall,FPR,F1 Score,ROC AUC,PRC AUC,MCC,Optimal Threshold
3,0.2,1e-05,0.0001,0.7761194029850746,0.9285714285714286,0.14018691588785046,0.8455284552845529,0.940754339118825,0.883912420050821,0.7609409718312641,0.3190191
