fold,dropout_rate,learning_rate,l2_regularization,Precision,Recall,FPR,F1 Score,ROC AUC,PRC AUC,MCC,Optimal Threshold
5,0.2,1e-05,0.0001,0.6428571428571429,0.9473684210526315,0.4,0.7659574468085106,0.8252631578947368,0.7816380128369458,0.563621480190678,0.34464973
