fold,dropout_rate,learning_rate,l2_regularization,Precision,Recall,FPR,F1 Score,ROC AUC,PRC AUC,MCC,Optimal Threshold
4,0.2,1e-05,0.0001,0.875,0.9333333333333333,0.10526315789473684,0.9032258064516129,0.9543859649122807,0.9098304854187206,0.8237460196403346,0.3319768
