fold,dropout_rate,learning_rate,l2_regularization,Precision,Recall,FPR,F1 Score,ROC AUC,PRC AUC,MCC,Optimal Threshold
2,0.2,1e-05,0.0001,0.5384615384615384,0.7,0.3157894736842105,0.6086956521739131,0.7052631578947368,0.5773742923742924,0.36720990919214974,0.50329167
