Metric,Value
Precision,0.9523809523809523
Recall,1.0
FPR,0.04
F1 Score,0.9523809523809523
ROC AUC,0.992
PRC AUC,0.9897096908939016
MCC,0.956182887467515
Optimal Threshold,0.54
