fold,dropout_rate,learning_rate,l2_regularization,Precision,Recall,FPR,F1 Score,ROC AUC,PRC AUC,MCC,Optimal Threshold
5,0.2,1e-05,0.0001,0.5833333333333334,0.9333333333333333,0.6666666666666666,0.717948717948718,0.5866666666666667,0.6200516442621705,0.3333333333333333,0.5020964
